file,text
BAR_1,не заставляй меня орать
BAR_2,тебе здесь не место
BAR_3,мы тебя не будем обслуживать
BAR_4,ты нам здесь не нужен ублюдок
BAR_5,да мне наплевать на тебя козел
BAR_6,ты даже на клиента не похож
BAR_7,отвали
BAR_8,проваливай
BIKE1_1,ну что мои болельщики поглядим что вы можете сделать
BJM1_20,спрячься оружие или предстать теплица перед последствиями
BJM1_4,для чего
BJM1_5,только авторизованным и персонал разрешено заходить за этот пункт
BK4_12A,это же фланец 9000
BK4_12B,для взлома могут побриться часы
BK4_12C,или 5 минут если вы сможете найти менеджера
BK4_14A,все по прежнему
BK4_19A,на замке с часовым механизмом
BK4_19B,теперь ты тоже можешь сдаваться
BK4_20A,я могу обойти часовой механизм
BK4_20B,когда нам просто нужен твой ключ карточка и нам повезет
BK4_23A,дайте мне 5 минут
BK4_24A,я сейчас начну фил через минуту вернусь
BK4_24B,я же сказал не касаться этого сигнала тревоги
BK4_31A,Томми подвал открыт
BK4_34A,ладно у нас есть средства отставки сват создавать убираться отсюда
BK4_34B,ладно а ты сам этого спросила у тебя был последний шанс
BK4_35A,они штурмуют город
BK4_35B,прикройте
BK4_40A,я сообщу ему об отказе
BNK1_1,могу вам помочь сэр
BNK1_10,да это я
BNK1_11,как вы скажете
BNK1_12,ты немного и достоин меня обратно домой
BNK1_13,я собираюсь делать работу а вы мой надежный взломщик
BNK1_14,в камере мне надрали задницу
BNK1_2,мошенник
BNK1_3,он обезумел
BNK1_4,кто ты черт подери
BNK1_5,где твой жетон
BNK1_6,вот они стрелять на поражение
BNK1_7,Джонс
BNK1_8,у тебя
BNK2_1,пригодная амуниция
BNK2_2,3 2 1 огонь
BNK2_3,зона свободная
BNK2_4,ух ты
BNK2_5,не смог подстрелить двери бара
BNK2_6,этот парень чокнутый
BNK2_7,так вы не хотите оказать мне услугу и помочь мне выполнить работу
BNK2_8,сынок после такой стрельбы если ты попросишь меня стать твоей женой я скажу да
BNK3_1,хорошо я поеду за тебя ну пожалуйста при на меня всерьез
BNK3_2,я не стану этого делать
BNK3_3A,незаконные уличные гонки проходят на Вити Поинт
BNK3_3B,вызывай всех офицеров
BNK3_3C,уличный гонщик я тоже не закон это запрещено
BNK422A,долго еще
BNK450A,что я сказал тебе то что я сказал чертов спецназ надо опасаться когда Кент боль в городе
BNK450B,ну уже дай мне кусок побольше приятель мой не нужно раздобыть новую одежду
BNK4_1,я поеду
BNK4_10,вилка понял
BNK4_11,давай кем подвал наверху
BNK4_13,я пойду найду где он отсиживается
BNK4_15,конечно все слишком тихо
BNK4_16,ты пойдешь со мной
BNK4_17,хорошо хорошо только не стреляй
BNK4_18,я сказал никому не двигаться
BNK4_2,отлично пассажир погоди пока я не скажу группе об этом
BNK4_21,оставайся здесь пытайся что нибудь выкинуть этот рок
BNK4_25,команда свадьба может быть здесь в любую минуту
BNK4_26,черт возьми вот они
BNK4_27,я мог бы справиться с небольшой помощью тория
BNK4_28,певица город сват вы полностью окружены
BNK4_29,окружены
BNK4_30,они гадят сами себе коррумпированный ублюдки
BNK4_32,откройте депозитные ящики взрывчаткой
BNK4_36,а где com
BNK4_37,история
BNK4_38,это последний из них вперед вперед
BNK4_3A,смотри за колесами толомея
BNK4_3B,домик Хиллари занимает слишком много места
BNK4_3C,а я нет
BNK4_3D,неужели
BNK4_3E,заткнитесь вы двое или можете выйти прогуляться
BNK4_3F,да Хиллари
BNK4_3G,дерьмо взяли с полицейские
BNK4_3H,а ведь мы еще даже не там
BNK4_3I,во имя господа фил перестань мы хоть этой штукой
BNK4_3J,да ты кому нибудь выколешь глаз
BNK4_3K,сначала нужно оторваться от копов
BNK4_3M,машина разгромлена разбита
BNK4_3O,ты цепляешься за иллюзию постоянство
BNK4_3P,чего
BNK4_3Q,ты думаешь все так и будет
BNK4_3R,молодые мы любимым пицца
BNK4_3S,все пройдет или окончится и ты должен это принять
BNK4_3T,ты прав спасибо кем
BNK4_3U,не обращай внимания
BNK4_3V,почему мы остановились
BNK4_42,ребята давайте я прикрываю
BNK4_43,я прикрываю наша задница вперед
BNK4_44,нам удалось мы богаты богаты
BNK4_45,жаль что com погиб он был славным парнем
BNK4_46,да но нам больше будет
BNK4_47,верно черт возьми да
BNK4_48,я тебе бы хотелось массажа
BNK4_49,привет мерседес да я как то немного напряженно
BNK4_4A,есть 2 крыла колонна
BNK4_5,хорошо ты мне так и сделаю
BNK4_51,ты классно выглядишь
BNK4_6,это облава
BNK4_7,никому не двигаться
BNK4_8,всем стать кто сильнее
BNK4_9,удержи крепость
BNK4_94,ладно парня мило и безоблачно как мои планировали
CAP1_10,я убью тебя бурсаки
CAP1_11,ты всегда был ничтожеством
CAP1_12,приготовься к смерти версачи
CAP1_2,ты знаешь правила версаче
CAP1_3,мистер форели говорит о своем уважении
CAP1_4,лесника рвут
CAP1_5,скажи кособоко держись подальше
CAP1_6,теперь тебе принадлежу думания они
CAP1_7,думаю что сможешь меня уничтожить
CAP1_8,мы будем с тобой по пятам пока ты не умрешь в арсеньеве
CAP1_9,у тебя нет ни малейшего шанса психованная гнида
CNT1_1,ой только не только не в лицо
CNT1_2,я скажу я всем скажу
CNT2_1,убить его
CNT2_2,разобрать тарелки
CNT2_3,защищать курьера
CNT2_4,частное предприятие вход запрещен
COK1_1,Пугачева
COK1_2,что ты дура
COK1_3,ну если упадешь и сломаешь
COK1_4,неудачник
COK1_5,лучше не останавливаться засранец
COK1_6,я сыт по горло ты мразью
COK2_1,только 1 сбивай меня с толку что с Квентином
COK2_13,Ланс ванс чистокровный ублюдок
COK2_14,ладно мы уже почти на месте
COK2_15,мы сделаем пару проездов
COK2_16,так что вынимаете столько плюшек сколько сможете
COK2_2,я не знаю мне всегда нравился этот Квентин ванс
COK2_20,черт возьми это же военная зона избавьтесь этих нескольких бандитов
COK2_21,удары старик
COK2_3,тебя зовут Ланс ванс
COK2_4,я достаточно наслушался всего этого еще в школе
COK2_5,застрелил 1 из этих суматохи
COK2_6,нет впрочем я немного потренируюсь в этом деле
COK2_9,остров креветок
COK3_1,не стреляет Джон
COK3_2,что такое
COK3_3,он садится водку не вышла
COK3_4,помоги лодку гадают приятель
COK4_1,кто мне мы знаем что нибудь я сломал наши планы
COK4_10,а не разбитый вдребезги корм для рыб
COK4_11,получилось остальные лодки не вип класса
COK4_12,смотри в оба они подходят повсюду
COK4_13,взять их направляйтесь где язву в чем быстрее тем лучше
COK4_14,хотите кое что из этого
COK4_15,на покой к рыбам
COK4_16,ешь его ешь его
COK4_17,а не просто в отчаянии
COK4_18,твои ноги в воде мы набираем воду
COK4_19,еще больше проблем
COK4_2,ага
COK4_20,на этой пристани бандиты
COK4_21,мост поднимается
COK4_22,спасайся кто может сейчас рванет
COK4_23,хорошая стрельба
COK4_24,неплохая стрельба друг мой настоящий истинный лунатик степени а
COK4_25,благодарю вас
COK4_26,еще увидимся Томми
COK4_27,хорошо мистер Ланс ванс данс
COK4_3,так почему же мы выполняем для него эти задания
COK4_4,чем больше мы учим сейчас тебе придется учить когда этот город будет у нас в руках
COK4_5,мне нравится твой стиль парень настоящая свежатина
COK4_6,а куда мы направляемся
COK4_7,мы заблудились
COK4_8,у нас тут конкуренты
COK4_9,уничтожить их
COK4_9A,пришло время для танца ланца ванса
COL2_1,дождь улица мокрая в это время года
COL2_2,чего
COL2_3,комментарии
COL2_4,послушайте меня послал Кортес просто дайте мне чипсы
COL2_5,аккорд
COL2_6A,стоять империалистическая американская свинья это собственность правительство Франции это конец
COL2_9,американский идиот они проследили за тобой
COL4_1,что там за кадром не знаю сэр
COL4_10,пришло время поесть пончиков
COL4_11,уберите этого гражданского с моего пути солдат
COL4_12,гражданский танки остановите его
COL4_13,это военный конвой и не создавайте нам препятствий
COL4_14,сбросьте его солдат
COL4_15,уберите этот гражданский автомобиль с пути
COL4_16,машина движется шар
COL4_17,окей взвод выходим
COL4_18,танки сэр
COL4_19,раздобыть и пончиков солдат царь я царь
COL4_2,не знаю
COL4_20,цель поражена сэр
COL4_21,снайпер
COL4_22,ухожу отсюда
COL4_23,цель достигнута взвод вольно давайте поедем пончиков
COL4_24,протокол безопасности дельта indian запущен запущена самоуничтожение транспортного средства
COL4_25,включена система самоуничтожения
COL4_26,приготовьте умереть коммунистическая сволочь
COL4_3,конвой стой
COL4_4,выходи за наверх солдат сэр есть сэр
COL4_5,Асер
COL4_6,мы под вражеским огнем
COL4_7,гражданский уходи Станко
COL4_8,я сказал уходи немедленно
COL4_9,оборонительная позиция
COL5_1,левый борт левый борт
COL5_10,у меня дипломатический иммунитет
COL5_11,не стреляйте я полковник
COL5_12,кто на свете их моя страна будет благодарна
COL5_13,нас подавили французы
COL5_14,всюду куда ни глянь французы я их ненавижу
COL5_15,как вы
COL5_16,это Софи Гейнсборо iwash мерзкий французских лет
COL5_17,о боже мой у них вертолет
COL5_18,стрелять и по вертолету
COL5_19,тебе еще этот вертолет
COL5_2,а я такой с правого борта
COL5_20,снова приближается сбить вертолет
COL5_21,ну и габариты у этого вертолета
COL5_22,он снова здесь
COL5_3,передний мост
COL5_4,они взяли вертолет
COL5_5,умрете французики
COL5_6,мерседес эта девушка станет моей погибелью
COL5_7,не стрелять у меня
COL5_8,чертов таракан
COL5_9,у меня не стреляют
CUB1_10,в любое время потому что у вас есть достоинство у всех моих друзей есть большое достоинство
CUB2_10,вам необходимо убить гаитян они кубинцев
CUB2_11,дурак нам нужна была эта машина
CUB4_10,вамос
CUB4_11,именно вамос
CUB4_12,нам нужна машина банды гаитянски
CUB4_13,давайте найдем наших мы сейчас
CUB4_14,за мной товарищи
CUB4_15,уже идиома
CUB4_16,я буду закладывать бомбу прикройте
FINKILL,убить его
FIN_10,Соня Соня я иду за тобой
FIN_11A,ты забрал у меня 15 лет Соня
FIN_11B,а теперь пришел час расплаты
FIN_12A,ты так ничего и не понимаешь да
FIN_12B,ты мой Томми
FIN_12C,15 лет принадлежали Мане
FIN_13,уберите его ребята он всегда туго соображала
FIN_1A,иди сюда ты вероломный кусок дерьма
FIN_1B,тебе конец такой ищи в спину урод
FIN_1C,это последний танец для ланце аванса
FIN_2B,это ты так думаешь
FIN_2C,я сказал что мне в школе этого хватило
FIN_3,некому прикрыть свою задницу датами
FIN_4,теперь ты история твоя история
FIN_5,не тут и сторону выбрал Ланс
FIN_6,Соня сейчас у сейфа с моими деньгами
Glight,Алиса нет
HAT_1A,не шевелись болван
INTRO1,я на 1 секунду отвернулся и получил кучу дерьма в лицо
INTRO2,поспим немного
INTRO3,что ты собираешься делать
INTRO4,завтра я буду у тебя в офисе и мы начнем сортировать эту кучу
LAW1_1,ты будешь работать на моего отца
LAW1_10,да детка я просто забери этого Холли рапида
LAW1_2,возможно
LAW1_3,ты дальше будешь держать за руку у меня на коленях
LAW1_4,это так сложно иметь богатого и могущественного отца
LAW1_5,ладно еще увидимся красавчик
LAW1_6,не сомневаюсь
LAW1_7,хороший мотоцикл
LAW1_8,где твой мотоцикл
LAW1_9,мне нравится твой мотоцикл
LAW2_1,что ты уставился
LAW2_10,и что будем делать теперь
LAW2_2,заткнись
LAW2_3,сделай меня ты засранец
LAW2_4,сюда
LAW2_5,я посмотрю что можно раскопать я буду следить за тобой Томми
LAW2_6,надо сматываться отсюда
LAW2_7,осторожнее
LAW3_1,будь осторожен
LAW3_11,точка поставь точку в покое
LAW3_12,кто нибудь помогите пожалуйста
LAW3_13,кто мне за это заплатит
LAW3_14,ладно ладно я доставлю сообщение
LAW3_16,невероятно
LAW3_17,почему
LAW3_2,помни что ты грязная работа
LAW3_20,я не могу в это поверить
LAW3_21,так не годится
LAW3_24,идиот
law3_25,прочь с дороги
LAW3_3,ой не виновен пока я не скажу другое
LAW3_4,ты же знаешь он не виновен
LAW3_5,помнишь джордин помнишь он не виновен
LAW3_6,не виновен ясно отлично
LAW4_10,богатая дирекция сосет
LAW4_3,ждем это сраное руководство
LAW4_4,смерть начальству
LAW4_5,хорошую
LAW4_6,задела
LAW4_7,устроим революцию
LAW4_8,хрен начальству с перцем
LAW4_9,денег
MERC_39,вы опоздали большой мальчик
MOB_01A,у меня есть для тебя немного информации хочу рассказать это личное
MOB_01B,я отдыхаю в клубе малибу
MOB_01C,солнышко увидимся
MOB_02A,але тори тори
MOB_02B,исправили ситуацию Воркс можешь поверить
MOB_02C,неприятно
MOB_03A,вручается
MOB_03B,которого обязуется выплатить долги гибдд авто
MOB_03C,после внезапного исчезновения бд у меня нет
MOB_03D,вам придется ответить за его финансовые махинации
MOB_03E,какая будет полностью
MOB_04A,как ты это опять пол
MOB_04B,я забыла о том что для представления нам нужны еще мускулы посеве
MOB_04D,уладь это для меня и я достану тебе несколько билетов
MOB_05A,ты поступил правильно томми
MOB_05B,Новополоцк
MOB_05C,я дал тебе слово
MOB_05D,держись подальше
MOB_06A,только покойник может шутить над тобой дорогой мой
MOB_06B,думаю что ты можешь улучшить свое самочувствие
MOB_06C,заходи ко мне время от времени хорошо томми
MOB_07A,приятель ребята могут составить компанию
MOB_07B,я знаю только девушку
MOB_08A,тебе нужен дельный совет
MOB_08B,как дела
MOB_08C,стоит парням образе себя самостоятельно
MOB_08D,я знаю как вести дела
MOB_08E,да да я знаю что ты знаешь я сказал
MOB_08F,тебе это для того чтобы ты знал что я тоже знаю
MOB_08G,чтобы не забыть это
MOB_09A,у тебя есть работа
MOB_09B,это не лео
MOB_09C,счастливо будешь убить того кто взял его телефон
MOB_09D,а может я уже труп может я убью его телефон струпа ты autocom не думал
MOB_09E,а тогда ты грудь хочешь поработать
MOB_09F,зайди в кафе моего отца в маленькой Гаване и поговорим
MOB_10A,я хочу попросить тебя об одолжении
MOB_10B,как там киношные дела
MOB_10C,нормально слушай нам нужна сцена погони но наш бюджет маловат
MOB_10D,свободная колеса за городом а ты знаешь что делать
MOB_10E,окей
MOB_11A,дать один совет
MOB_11B,что беспокоит
MOB_11C,в городе можно хорошо заработать если купить правильную недвижимость улавливаешь
MOB_11D,твой чтоли
MOB_11E,все что хочу сказать держать ушки на макушке и может отыщешь возможность заработать я еще позвоню
MOB_11F,звони
MOB_14A,что я тебе расскажу
MOB_14B,на белом свете
MOB_14C,все пока сколько лет взятки
MOB_14D,это что то вроде пенсионного фонда
MOB_14E,Алиса эта информация
MOB_14F,поделишься
MOB_14G,спасибо
MOB_14H,Лондон дурак
MOB_16B,что ты хочешь пол мне не нужна одежда от кутюр
MOB_16C,хорошо друг но ты же знаешь что я не занимаюсь этим
MOB_16D,в Англии я много всякого натворил
MOB_16E,спасибо за предложение буду помнить о нем
MOB_16F,помни обо мне после всего что сделал для тебя
MOB_16G,вот и не могу забыть
MOB_17A,как поживаешь шишка я слышал у тебя в городе большой человек
MOB_17B,ты пьян
MOB_17C,я просто пару дней развлекался ну и не спал пару ночей
MOB_17D,кто сделал кто ты кто
mob_17e,правда
MOB_17H,можешь меня после всего что я для тебя сделал ты отказался от меня что это потвоему
MOB_17I,я занят не веди себя как идиот
MOB_17J,вот так мне сказали в тюрьме ты хочешь проблем ты их получишь
MOB_17K,я очень
MOB_17L,серьезно
MOB_18A,мне было просто позвони тебя
MOB_18B,сынок ты не поверишь какую девку я только что встретил
MOB_18C,уличную девку или вроде того
MOB_18D,она сказала что я зовут мерседес или вроде того
MOB_18E,что тебе надо попробовать эту птичку
MOB_18F,она могла бы слезать грифель у карандаша я бы сказала что лучше
MOB_18G,своего хозяйства
MOB_20A,привет
MOB_20B,у тебя кто то ехал ехал по крупному внезапной громко
MOB_20C,только не говори мне что я тебя предупреждал не надо было взорваться
MOB_20D,слушай говно ее получить
MOB_20E,не забывай меня
MOB_24A,але
MOB_24B,да
MOB_24C,ну и как то было у меня
MOB_24D,да я помню
MOB_24E,Алиса это было самое неудачное для бизнеса происшествия
MOB_24F,я знаю
MOB_24G,я хочу чтобы вы знали что люди делают все возможное чтобы разобраться с этим
MOB_24H,если хотите поговорить в более интимной обстановке вы зайчиками найти хорошо удача сеньор
MOB_25A,что французы стали мне сильно досаждать амиго
MOB_25B,сами не называть меня хором
MOB_25C,мне понадобится твоя помощь амиго и поскорее
MOB_25D,пожалуйста ты мне должен ненавижу французов
MOB_26B,да
MOB_26C,это я просто хочу сказать что я восторге от шоу
MOB_26D,мы парни благодарны тебе помни
MOB_26E,удачи
MOB_29A,алло это мистер Томми версетти
MOB_29C,я слышала Алиса
MOB_29D,возможно
MOB_29E,мне насаждают гаитянские паразиты можете помочь
MOB_29F,меня зовут я бы хотел встретиться в кафе Робина как можно скорее
MOB_29G,потому что говорю вам эти проклятые 9 я не совсем обнаглели
MOB_30A,это обидно
MOB_30B,как ваша кожа
MOB_30C,прекрасная вероятно доме невероятно теперь только респектабельные люди
MOB_30D,хочу сказать вам что мы в долгот и папе
MOB_30E,восхищаемся вами вы настоящий мужчина
MOB_30F,спасибо вы очень обрадовали меня буду присматривать
MOB_33A,толя брось вспоминать прошлое послушай меня хорошо
MOB_33B,хорошо у меня появилась неплохое вино думаю ты хотел бы попробовать
MOB_33C,если хочешь выпить или посмотреть стриптиз я могу тебе это устроить
MOB_33D,ладно ладно не тема для разговора я буду ждать тебя слышишь
MOB_34A,мне правда понравилось работать с тобой не получал удовольствие после name
MOB_34B,я тебе понадобился звони хорошо
MOB_34C,я всегда помню послужил
MOB_34D,слышишь
MOB_35A,хорошо взрывают прикол в том
MOB_35B,что я сражался в 600 и никогда не получал даже царапина и тут такое
MOB_35C,оружие всегда вооружен чего я тебе советую
MOB_35D,слушай сантименты слышишь
MOB_36A,я хочу тебя за то что ты для меня сделал
MOB_36B,всегда нападает из засады
MOB_36C,хорошо
MOB_40A,привет это Соня как загар
MOB_40B,я не загорал
MOB_40C,ладно не отдал мне деньги я спрашиваю тебя
MOB_40D,чем ты занят так скажи мне чем ты занят
MOB_40E,успокойся
MOB_40F,а я не беспокой сами ее такой
MOB_40G,потому что моей жизни было много проблем с людьми
MOB_40H,если надежном доме пожалуйста
MOB_40I,сделай нам обоим с нетерпением
MOB_41A,але
MOB_41B,привет Соня
MOB_41C,это я Соня твой старый друг
MOB_41D,ты мне не пишешь ты мне не звонишь
MOB_41E,ты же не поможешь не в этом Соня
MOB_41F,извини я забыл что ты всегда занят
MOB_41G,наркобаронов захват власти
MOB_41H,потому что у тебя уверен что я не тебе
MOB_42A,доме
MOB_42B,Соня
MOB_42C,очевидно ты страдаешь от проблем со слухом потому повторяю
MOB_42D,где мои деньги ты жернов товары операции
MOB_42E,а мне не смешно
MOB_43A,у меня на проводе Соня ты слышишь меня
MOB_43B,я слышал угрожавшего убить мою семью
MOB_43C,который собирается кусок что делать
MOB_43D,успокойся
MOB_43E,я спокойно спокойно
MOB_43F,забивай голову глупостями и следи за собой
MOB_43G,никто не заберет
MOB_43H,голос
MOB_47A,большая проблема приезжайте прямо сейчас
MOB_62A,я хочу поблагодарить тебя за своего человека
MOB_62B,я просила он сказал что ты лучший мой друг почему ты не зашел ко мне
MOB_62C,какой парень как ты окружен
MOB_62D,тупица
MOB_63A,Эрнест
MOB_63B,ты кто
MOB_63C,нормально не смогу ходить без палки но очень скоро вернусь на работу
MOB_63D,хорошо
MOB_63E,я слышу управленца какой род
MOB_63F,да
MOB_63G,никогда не доверять человеку который ходит по городу в пижаме скажу хорошо что ты убил его
MOB_63H,не думал что кажется таким
MOB_63I,это слишком
MOB_63J,хорошо Эрнест береги себя
MOB_66A,почему ты сюда пришел
MOB_66B,я же сказала тебе что мы больше не хотим тебя видеть
MOB_68A,у меня для тебя сюрприз
MOB_68B,я сейчас описывается некоторыми ведущими артистами
MOB_68C,почему у тебя мама
MOB_68D,я думаю увидимся
MOB_70A,полковнику я думаю что ты делового человека сможешь мне помочь
MOB_70B,я буду тебя
MOB_72A,история у меня мало времени
MOB_72B,твой рост какой мнение обо мне
MOB_72C,смотреть ко мне получше дай мне нормальную долю знаешь
MOB_72D,ой сегодня прости меня
MOB_72E,люди смотрят меня
MOB_72F,даже мой брат хотя бы ты же не делай этого
MOB_72G,говорите
MOB_73A,вода это
MOB_73C,правда ты чудо я чудо мы удивились писали себе в историю
MOB_73D,наконец то я заставил заткнуться
MOB_73F,круто а ты еще круче чем круто он никогда не верил в меня никогда не думал что я артист
MOB_73I,я люблю тебя малыш не бросай меня слышишь
MOB_95A,подойди к телефону в Гаване
MOB_96A,подойди к телефону в аэропорту
MOB_98A,подойди к телефону Вайс Поинт
MOB_99A,подойди к телефону возле бульвара
PHIL211,дай нам
PSYCH_1,вижу взрыв кулака любви
PSYCH_2,кулак любви разрушил мою жизнь
RACE1,2 1
RESC_1,ты разбираешься в оружии
RESC_2,конечно я тоже рад тебя видеть
RESC_3,убираемся отсюда
RESC_4,Алиса у тебя все мои планы летят к чертову ты здорово поработал lens
RESC_5,он убил моего брата и что мне теперь делать оторвать ему голову
RESC_6,мы должны уничтожить родился пока уничтожил нас
RESC_7,разберись с этим и встречаемся на мосту Кострому звезд
RESC_8,хорошо ясно
ROK1_1A,еще тебе что то особенное я знаю что вам надо
ROK1_5,мерседес
ROK1_6,как ты
ROK1_7,отлично послушай у тебя есть кулак любви
ROK1_8,да ну его надо будет вернуть
ROK1_9,спасибо за деньги сосунок
ROK3_1,теперь ребята мы заслужили выпивку место просто в сотни ярдов от дороги
ROK3_10,а этот бутылка водки это не водка это самогон
ROK3_11,она взорвется
ROK3_13,у меня нет взрывчатки Вилли скажи что нибудь я сыграю басы в пекле
ROK3_14,давай едь быстрее кто нибудь сделайте что нибудь умник
ROK3_15,кто нибудь сделайте что нибудь что это за ерунда я видел девочек ладно парень ты что то делаешь
ROK3_16,слушай друг я играю на музыкальном инструменте у меня нет бомбы Авили может только сосать самогона
ROK3_17,я слышала что вы хорошо это делаете этой ночью я был с моими девками
ROK3_18,просто дай Вилли соломки солонке этаже тур кулак любви
ROK3_19,где мне взять соломки понятно какая проволока Томми зеленая вода зеленая
ROK3_2,лучше взять большую Томми поменяй каналы дружище
ROK3_20,привет зеленая какая из них похожа на зеленую
ROK3_21,конец смерть в картах все кажется зеленым я должен выгрузить вас
ROK3_22,капиталист я тащу тебя годами заткнись
ROK3_23,большая визжащая девка да заткнись я тебя не проволоку которую эту
ROK3_24,нет мы не хотим взрываться
ROK3_25,друг хороший и мы можем найти телегу и поехать
ROK3_26,сделать ракету оскорбление кулак любви
ROK3_27,мы прикончили эту бутылку
ROK3_3,удивлюсь если не заболит голова смотрите что это a Томми включи эту ленту
ROK3_4,кулак любви время загрязнять эфир закончена я давал вам шанс стать друзьями
ROK3_5,теперь я даю вам возможность умереть попробуйте остановиться и лимузин взорвется с вами задницы
ROK3_6,милый спаси группу у меня утомила просто держи педаль
ROK3_62,мы думали что видимо храм рока
ROK3_63,почувствуй ярость кулака любви
ROK3_64,прислушайся к себе это лента из папье Моше
ROK3_65,это храмы жрецы
ROK3_66,если детишкам нравится их жрецы
ROK3_67,кто я чтобы спорить
ROK3_68,о боже ленту снова зажевала
ROK3_69,на каком уровне мы никогда не сыграем
ROK3_7,нам надо найти бомбу мы не можем просто ездить весь день мы много выпили
ROK3_70,мои киски
ROK3_71,нам надо разобраться с этим спасибо Томми ясно что я говорю хороший пока
ROK3_73,джаз крутит лента
ROK3_8,я боба не может быть в двигателе нам надо остановить его мы все погибнем и не надо выпить
ROK3_9,идут очередь это не комната выпивки убирайся
STRIP_1,у тебя столько нет дешевка
STRIP_2,я тебе нравлюсь больше чем остальные девушки
STRIP_3,потанцуем
STRIP_4,хочешь хорошо провести время
STRIP_5,какой ты большой я таких люблю
STRIP_6,мне нравится эта музыка
STRIP_7,эй красавчик
STRIP_8,о чем ты думаешь милый
STRIP_9,ты что совсем один
TAX1_1,хорошо у нас есть первоклассная
TAX1_2,вот Томми я это беру
TAX1_3,это моя плата назад задница
TAX1_4,давай давай начинай быстро
TAX1_5,хорошо только не обзывайся
TAX2_1,машина
TAX2_2,продолжай заходите нас у них очень много машин мы не можем конкурировать
TAX2_3,пойди туда послушать том и обанкротился
TAX2_4,давай
TAX2_5,с ним
TAX2_6,у него даже нет прав
TAX2_7,проклятый лимузины
TAX3_1,13
TAX3_2,окей вот так машины 13 нет
TAX3_3,не видно мерседес
TAX3_4,а теперь пришла очередь ангелу стражу кауфман caps есть крыло
TAX3_5,приятель я разобью твою логово
TEX1_1,возьмите костюмы для гольфов Джок sports
TEX1_2,в гольф клубы
TEX1_3,ребят разбились
TEX1_5,слушай
TEX1_6,классная задница
TEX3_1,сброс 4 пункта предназначенных для разрушения
TEX3_2,сбрось
TEX3_3,направить вертолет арсина bobo bobo
TEX3_4,нажми кнопку сбрось бомбу
TEX3_5,что ты неудачно положу боба попробуй снова
TEX3_6,если ты поднял бобов 1 раз в то включается взрывной хрома
TEX3_7,утесов 8 минут
TEX3_8,ты не попал в цель подняли бабуль попробуй снова
ass_1,матерь божья где же ты это все достало на всякий пожарный еще бы
ass_10,действительно неплохая тройная граница
ass_11,можно мне комната с видом на залив
ass_12,здесь просто прекрасные потолки
ass_13,где я пришел заводить своим бизнесом
ass_14,ты предал меня ты идиот я убью тебя
ass_3,прикрой меня
ass_4,где сейчас должен быть внутри
ass_5,Ланс
ass_6,иди там я справлюсь
ass_7,вот получите мерзкий убийцей
ass_8,меня прижали
ass_9,я прикрываю тебя Томми
band_01,неплохие у тебя бандюги
band_02,алабай
band_03,а я и целая куча дерьма
band_04,зорро моя жизнь бессмысленна
band_05,скачать амиго
band_06,у тебя хорошие ребята амиго
band_07,сомбреро это нечто особенное амиго
band_08,сегодня неплохой день чтобы умереть гамбургер с сыром
bike1_2,неплохо приятель
bike1_3,ты называешь себя байкерам а где ты говнюк
bk4_14b,все готово
bk4_23b,дайте мне 5 минут
bk4_23c,дайте мне 10 минут
bk4_23d,дайте мне 10 минут
bk4_31b,Томми подвал открыт
bk4_40b,я устрою взбучку
bnk2_9,думаю тебе надо хорошенько потренироваться так ты ничего не подстрелят
bnk3_4a,конечно же ты Томми зачем еще кому нибудь говорить со мной
bnk3_4b,ладно значит так я поеду за тебя если и только если ты сможешь водить машину как следует
bnk3_4c,оставишь меня 1 я тебя никогда этого не прощу
bnk422b,кем
bnk4_39,где Хиллари
bnk4_41,выключи
bnk4_4b,здесь не глуши моторы
bnk4_95,Хиллари найди другую тачку
bnk4_96,лучше их найти
bnk4_97,8 лет
bnk4_98,куда подевался
bnk4_99,где кем
bud1_1,мой дом разрушен
bud1_10,теперь я хозяин города а я
bud1_2,разрушен
bud1_3,я плачу за защиту
bud1_4,моя прекрасная витрина
bud1_5,магазин мой прекрасный магазин
bud1_9,версетти запомни это имя
bud2_1,садись в машину
bud2_2,вашей защите нужно еще немного защиты
bud2_3,не надо мне не нужна эта ерунда
bud2_4,эти идиоты уничтожили базу данных в квартале
bud2_5,ребята просто отсортируйте их
bud2_6,увидимся позже
bud2_7,да да в любое время
bud3_1,свяжи их использовать лет
bud3_1a,как привлечь внимание
bud3_1b,тебе не сильно разозлятся
bud3_1c,полегче брат копы так не ездят
bud3_2,а что надо
bud3_3,немного потуже между ног
bud3_4,да мне тоже мне тоже
bud3_5,помни улыбайся другим копам
bud3_6,офицер красивый значок хорошие значок
bud3_7,очень вежливо lens
bud3_8a,так таймер установлен до взрыва 5 секунд
bud3_8b,таймер установлен надо взрывать 10 секунд
bud3_8c,так таймеры установленные давай 15 секунд
bud3_9a,5 секунд нам надо быстро убираться отсюда
bud3_9b,10 секунд нам надо быстро убираться отсюда
bud3_9c,15 секунд нам надо быстро убираться отсюда
burg_01,наслаждайся
burg_02,из переработанных отходов
burg_03,не задавай пользоваться всеми коровами
burg_04,подходим к делу
burg_05,все в порядке
burg_06,свежие титьки
burg_07,дешевка
burg_08,вам понравится
burg_09,пират
burg_10,какой ужас
burg_11,как насчет кисок
burg_12,вам понравится утром он был еще жив
bust_01,Томми версетти ни в чем не виновен
bust_02,профессор неужели вы думаете что могли способен на такое
bust_03,я здесь
bust_04,не всем не виновен и вы это знаете
bust_05,он похож на подозреваемого но это не значит что он действительно виновен
bust_06,либо ты сейчас будешь свободен либо у вас будут проблемы
bust_07,кстати добрый порядочный человек но ему не понравится если его назовут убийцей офицер 2
bust_08,профессор Томми версетти повестка не приходила
bust_09,который я никогда не было оружие как это сделать отпустите его
bust_10,вы все прекрасно знаем что
bust_11,я свободен а ты приятель можно попросить повышения
bust_12,это еще не значит что именно он это сделал
bust_13,я тебе должен быть свободен
bust_14,у себя под носом ничего не видите что происходит немедленно отпустите моего клиента
bust_15,все это чушь
bust_16,офицер ну что вы мне рассказываете поищите у себя другую работу
bust_17,сержант полански многим мне обязан
bust_18,очень важная персона и ему не понравится такие голословные обвинения
bust_19,все ваши улики косвенные и вы это знаете
bust_20,закон во всем разберется офицера не надо сейчас ваших обвинении
bust_21,поговорим о свободе человека
bust_22,офицер не злите меня вы ничем не можете доказать ваших слов
bust_23,ваше мнение просто слова и вы это знаете
bust_24,клиента
bust_25,мой клиент не виновен
bust_26,вы думаете что это прокатит в суде
bust_27,офицер но он же ни в чем не виновен
bust_28,если мне придется подать в суд за незаконные действия полиции я это сделаю
cnt1_3,кто то проник на корабль
cnt1_4,молчать
cnt1_5,защищать офицера
cok210a,мы сделаем пару проездов
cok210b,так что внимайте столько пушек сколько сможете
cok210c,потом я с вами разберусь
cok212a,вы называете музыкой
cok212b,да мне это нравится
cok2_7a,открой ребята попробуйте погасить огни
cok2_7b,куда бы черт возьми направляемся
cok2_7c,остров креветок
cok2_8a,тебе лучше стрелять а не говорить
cok2_8b,спасибо ты сегодня самование
cok2_8c,я знаю в доме
cok2_8d,Ланс ванс чистокровный ублюдок
cok_4b,из них я запускаю двигатель кто у нас появились новые друзья
col1_1,у него нож
col1_2,прочь от меня подарок
col1_3,святой Иисус я испоганил свою жизнь лицо
col1_4,я заплачу вдвойне вдвойне
col1_5,я сейчас заткну этот ваш большой рот
col1_6,хватит бежать толстая свинья
col1_7,не двигатель что будет быстро
col1_8,хватит курить а то никого не трогая толстяк
col2_10,круто
col2_11,мой мотоцикл
col2_12,включи поведение не нужны малыш
col2_13,это своего рода противоядие
col2_14,ты должен стараться лучше
col2_15,съел мою долю
col2_16,ты жирная американская сволочь
col2_7,пристрелить его
col2_8,пулями
col3_1,вот это мне нравится
col3_10,ее заставляют меня отказаться
col3_11,ты что хочешь убить меня
col3_12,все благодаря тебе как тебя зовут дружище
col3_13,у меня
col3_14,надеюсь мы скоро увидимся
col3_15,это blondes
col3_16,ублюдки
col3_17,привет
col3_18,увидимся
col3_19,черт
col3_2,слушай если тебе нечего делать тогда покажи мне на что ты способен
col3_20,черт
col3_21,у меня осталось 10 присмотрю за диасом
col3_23,говорить а не думает что смогут взять Рикардо диаза
col3_24,мои деньги
col3_25,не стойте там черте отправляйтесь за этим гаитянском тюрьма
col3_2a,я могу это сделать меня зовут Ланс кстати
col3_2b,кто мэр Сочи
col3_3,новый человек Кортеса
col3_4,возникают боли удачный случай
col3_5,Алиса сейчас слушайте хорошую точку наблюдения
col3_6,балкон а у тебя крыша напротив двора
col3_7,в чем дело давай Данила крышу пока не появились
col3_8,ну что подруга
col3_9,я тебя прикрою
crust01,жри свой сервер
crust02,сегодня у нас promotion сыра
crust03,3 сырных combo приятного аппетита
crust04,фирменное блюдо с сыром
crust05,пожалуйста сыром
crust06,пожалуйста сэр
crust07,сосиски с временным сыром
crust08,вы только посмотрите на корочку
crust09,приятного аппетита
cub1_1,не плохо это настоящий мужик
cub1_2,ты крутой чувак
cub1_3,ты клевый чувак
cub1_4,и вы себя называете мужиком
cub1_5,вы маленький напуганный котенок малыш позовите свою маму
cub1_6,вы просто зря загрязнять воздух охоте как мужик как мужик новый воде как идиот
cub1_7,черт новый и мужик вы мне нравитесь вы мне сильно нравитесь
cub1_8,в любое время потому что у вас есть достоинство у всех моих друзей есть большое достоинство
cub1_9,эй чувак это ты здесь крутой
cub2_1,недостаточно места да вам нужна большая машина
cub2_2,мы будем драться как мужики
cub2_3a,хорошо что вы смогли справиться
cub2_3b,смердящее гнездо гаитянски моих всех убьем
cub2_3c,вот такого
cub2_4a,дерись как мужик с большими яйцами
cub2_5,на крыше снайперы
cub2_6,они дерутся как девчонки пукаете
cub2_7,нам нужна подмога
cub2_8,с немецкого снайпера
cub2_9,ну ребята заряжайте
cub3_1,что такое
cub3_2,река хорошая лодка вы готовы
cub3_3,сегодня вы развлекаетесь
cub3_4,лодка напал на дыр понятно
cub4_1,растворитель за вами омега
cub4_2,Хола амигос
cub4_3,война гаитян будто смарта
cub4_4,ланос
cub4_5,именно ванос
cub4_5a,нам нужна машина банды гайтана
cub4_6,давайте найдем наших молча сейчас
cub4_7,иди за моими ребятами
cub4_8,ну и Диана
cub4_9,я заложил бомбу прикройте меня
fud_01,приятного аппетита
fud_02,приятного вам дня
fud_03,хорошо сегодня
fud_04,приходите еще
fud_05,приятного аппетита
fud_06,сегодня отличный день сэр
fud_07,пожалуйста
fud_08,мистер ваш заказ
fud_09,пожалуйста
fud_10,вот пожалуйста
fud_11,хорошо хорошо ваш заказ
fud_12,вот ваш заказ
fud_13,надеюсь вам понравится
fud_14,приходите еще
fud_15,ищи для джентельменов
fud_16,удачного дня мистер
fud_17,приходите еще
fud_18,наше фирменное блюдо сэр
fud_19,а вот ваш заказ
fud_20,надеюсь вам понравится
gimme01,дай ка мне
gimme02,дай что нибудь пожрать
gimme03,ну давай чего нибудь
gimme04,хочу фирменное блюдо
gimme05,здесь можно что нибудь пожрать
gimme06,я хочу есть
gimme07,дай что нибудь пожрать
gimme08,я голоден
gimme09,приятель принеси что нибудь перекусить
gimme10,ты мне принесешь что нибудь
gimme11,я хочу есть
gimme12,принеси мне пожрать
gimme13,херня блюда
gimme14,решать обслуживаешь или гуляешь неси мне хавку
gimme15,эй Парниша я голоден
golf_1,нет оружия проносить нельзя
golf_2,сюда допускается только члены клуба и обслуживающий персонал
golf_3,пушки придется оставить здесь
hot4,верю
hot6,верю
job1_1b,ваша помощь помогла
job1_1c,у меня есть еще для вас работа с практическим доходом
job1_1d,следующее задание под телефоном
job2_1b,поздравляю мой клиент доволен
job2_2,о боже
job2_3,боже
job2_4,помогите
job2_5,о боже
job2_6,о боже
job2_7,помогите кто нибудь
job2_8,боже
job2_9,о боже
job3_1,нападение на банков vice city работодатели хотели бы чтобы этого не произошло
job3_2,у каждого члена банды будет находиться здесь vice city
job3_3,возможно местонахождение обнаружено при помощи телефона
job4_1,время заварить рыбку побольше мистер дебил справа от вас находится винтовка
job4_2,на балконе регистрации сквозь толпу из просит у кого нибудь сколько времени
job4_3,мы должны убить этого человека при помощи телефона
job5_1,дорогой обмен происходит на крыше компании мороженного через opera
job5_2,кто будет
job5_3,порода которые ведут к обратной стороне завода
lanamu1,в этом городе ты должен понять 1 вещь и тебя тут будет очень жарко
lanamu2,давай оружейный магазин в поликлад Салават суда
lanstp1,что ли каждому человеку нужен маленький рнб
lanstp2,клуб вы можете захочу тебя войти
law2_8,что ты делаешь
law2_9,и куда теперь
law3_10,все это не закончен
law3_18,какого черта
law3_19,как не хорошо
law3_22,да
law3_25,прочь с дороги
law4_1a,разойдитесь правления будет обсуждать все жалобы соответствующим образом
law4_1b,разойдетесь Витя к себе домой
law4_1c,разойдитесь это неуместно
law4_1d,разойдитесь пожалуйста вы кончить и жить на улице
mob_17e,правда
mob_45a,разговор
mob_45b,lets
mob_45c,вдруг мне кажется что ты не дал мне все и доли
mob_45d,вот и подставила меня перед парнями я не могу этого так оставить
mob_45e,все совсем не так ты ошибаешься
mob_45f,я не твой мальчик на побегушках
mob_45g,у нас не будет проблем в любое время к твоим услугам
mob_45h,я тебе доверяла а ты держишь меня за дурака не надо то ли
mob_45i,а у тебя и не подставлял понял просто поверь
mob_45j,я знаю это трудно у тебя
mob_45k,меня слышишь
mob_45l,у тебя толя но не верю
mob_45m,ты не прав я тебя предупредил ты понял меня
mob_45n,расслабься отдохни пару дней окей потом поговорим
mob_46a,lens
mob_46b,да
mob_46c,рад тебя слышать только прошу спокойно
mob_46d,что тебе нужно
mob_46e,Томми мы можем сделать это
mob_46f,понимаешь о чем я
mob_46g,что сделать если бы не собирается умереть lens
mob_46h,сейчас мы далеко друг от друга спасибо за звонок еще поговорим
mob_52C,где ты сейчас
mob_52a,думаю мы нашли диасу покупателя
mob_52b,заключили сделку понял
mob_52d,что с твоим голосом ты в порядке
mob_52e,просто скажи мне где
mob_52f,кто ты черт тебя подери где лево
mob_52g,у немного выше
mob_52h,да пошел ты
mob_54a,привет как дела
mob_54b,привет как дела
mob_54c,привет как дела
mob_54d,звучит заманчиво я тебе найду
mob_54e,как дела
mob_55a,да
mob_55b,привет
mob_55c,мне скучно может развлечемся
mob_55d,что ты имеешь ввиду
mob_55e,избиение убийства и подкуп
mob_55f,не забывай меня
mob_56a,говорят ты убила Рикардо делся
mob_56b,загорелся
mob_56c,вот он сгорел
mob_56d,я горжусь тобой ты настоящий мужчина
mob_56e,спасибо грязным человеком я рада что я твой друг
mob_56f,но не забывай обо мне хорошо
mob_57a,очень очень скучно
mob_57b,приходи ко мне во рту
mob_57c,Томми и разлюбила тебя
mob_57d,потому что ты мне уже надоела ты будешь ко мне как
mob_57e,игнорируешь меня
mob_58a,да
mob_58b,мерседес
mob_58c,мистер крутой пацан я правда очень зла на тебя
mob_58d,у меня будет
mob_58e,собачки которая и которая не любила его мамочка
mob_58f,он носит парик и лифчик
mob_58g,огорчаешь меня очень очень зла прощай
mob_61a,анатомия ты что больше не хочешь знать Рикардо
mob_61b,приходи ко мне когда мне надо будет кого нибудь подстрелить
mob_71a,метро карта
mob_71b,все в порядке как дела дружище
mob_71c,я хотел спросить как там мерседес
mob_71d,нормально
mob_71e,я слышала уже столько всяких слухов что не знаю что даже и думать
mob_71f,что может делать все что захочешь правда ли это
mob_71g,что именно
mob_71h,ну то что она хочет стать адвокатом
mob_71i,какой позор какой позор
mob_71j,я не хочу чтобы моя душа скажи мне что это правда
mob_71k,полковник чем подобном
mob_71l,спасибо спасибо я бы не принес такого позора
mob_71m,ну ладно извини то что ты министр
mob_71n,когда то я пришел так что теперь мне придется быть повежливее но все пока амиго
mono10,этот говнюк думают что может потягаться со мной да я порву его на немецкий крест
mono11,идиот тк возможность расправиться с диасом
mono12,что да кем он себя возомнил
mono13,меня не интересует кто он такой почему нельзя найти нормальных людей
mono14,когда твой лучший друг адвокат тогда успех в делах тебе обеспечен
mono15,ну ладно придется еще немного дерьма раскидать кажется понял кем я был в прошлой жизни
mono16,последнее что мне было нужно так именно вот это посмотрим к чему это приведет
mono_1,чем он себя возомнил что думает что высоко взлетел
mono_2,как только будем готовые отправлю на север свой фальшивый товар
mono_3,почему все хотят все на шару так не получится
mono_4,что посмотрим что у нас здесь
mono_5,какая симпатичная леди и все что таким нужно деньги мороженое
mono_6,это ребята мой новый друг
mono_7,ну что за дела
mono_8,кто они эти ублюдки адвокатский ублюдки окруженные такими же уродами
mono_9,где сейчас что посмотрим как теперь пойдут дела
phil1_2,а это кто так ездят
phil1_3,ой
phil210,это прекрасно это красиво но так холодно
phil2_1,не в больнице слишком много копов вьетконговцев
phil2_2,есть один военный хирург который должен мне пару слуг и газонокосилку
phil2_3,он засел в малой Гаване смотрите огромная рыба
phil2_4,осторожно Чарли
phil2_5,со мной проблемы или дороги скользкие
phil2_6,сломанная ложка для матушки
phil2_7,пони Мони Бобо
phil2_8,он пришел за мной
phil2_9,черные крылья хлопают повсюду
piss_01,пицца доставляется свежеиспеченный
piss_02,эй приятель пицца
piss_03,мистер мы делаем доставку быстро
piss_04,чего же ты ждешь займись доставкой пиццы
piss_05,я знаю что ты не хотел стать разносчиком пиццы но меня это не волнует
piss_06,доставят
piss_07,это нужно развести
piss_08,ну давай займись доставкой пиццы
piss_09,заказчики не любят ждать
piss_10,чего ты ждешь давай берись за дело
piss_11,ну за работу
piss_12,эту пицца нужно доставить на дом заказчикам
piss_13,на возьми
piss_14,давай омега доставь это побыстрей очко
piss_15,ну чего медлишь за работу
piss_16,ну чего ты ждешь давай принимайся за работу
piss_17,нечего терять время попусту
piss_18,давай за работу лентяй
piss_19,ты никогда не получишь повышение если не будешь по проворнее
porn1_1,кенди я еще звезду сечешь
porn1_2,конечно но сперва я поговорил со своим агентом
porn1_3,что ты делаешь
porn1_4,мерседес
porn1_5,привет томе соскучился по вечеринки
porn1_6,ну что крошки хотите сняться
porn1_7,конечно если за это заплатят
porn1_8,отлично я беру вас садитесь
porn1_9,ты умеешь ты что пришел сюда разняться
porn3_1,кэнди кэнди можешь называть меня Мартином
porn3_2,Алекс да конечно как скажешь
porn3_3,Мартин как здорово
porn3_4,дай мне камеру
prn1_10,может чуть позже малышка
prn1_11,ух ты какая акула
prn1_12,София
prn1_13,ты куда а ну вернись
prn1_14,ты куда
prn1_15,и когда мы вместе проведем время
prn1_16,идем
prn1_17,не будь осторожен мои имплантанты еще плохо держится
prn1_18,и ты называешь это вождение
prn1_19,и как это называется
prn1_20,ты что пытаешься меня убить я же звезда
prn1_21,ты можешь в это поверить
prn1_3a,надо было оставаться сегодня дома
race11,нет
race6,вызывай
race7,ой
resc_10,надо наведаться где осу
resc_1a,шаверма масштаб тебе парень сериал
resc_9,ты уверен что тебе удастся с этим уйти
rok1_1b,это для лав Фист
rok2_01,есть
shaft01,блюда с фирменным саусем
shaft02,вот это вам понравится
shaft03,давай пожалуйста
shaft04,горячие сосиски сыр
shaft05,ватсап пожалуйста
shaft06,а вот наши фирменные сосиски
shaft07,давай пожалуйста
shaft08,мне нравится это
shark_1,где мои бабки
shark_2,козел
shark_4,готовь бабки
shark_5,я же говорил тебе готовь бабки
star_1,сынок я же говорил что это частное общество
star_2,извини но это только для гостей проживающих
star_3,добро пожаловать мистер сеть рад снова вас видеть
star_4,Томми версетти mister d осужденного Сар
stripa,найди
tex1_4,отлично у тебя зад
tex2_1,ты убил Франсуа
